File_Name,lat,lng,Reduced,Tiny Thumbnail (150 wide),Consensus,predominant groups,top ,hex_code,NonConsensus,Annotation1,David,Annotation,Rim,Jessie,Lotte,Wanshu,Sabina,Meta
20250724_085527(0).jpg,47.2352954,6.0216903,"<a href=""https://github.com/Mapping-Aficionados/GroupPresentation/blob/main/Reduced_1/20250724_085527(0).jpg"">Click here to see the image</a>","<img src=""https://github.com/Mapping-Aficionados/GroupPresentation/blob/main/Reduced_3/20250724_085527(0).jpg?raw=true"">",Low,,,,"multiple lightning, cake with icing, giant bug, lightenings, group of dancing people, snake skin, Mushroom, tree leaves, thirsty land",lava dripping into the ocean,ghost,cat lying on its back,rabbit and tortoise,whale,plant,Laughing man,swimming guy,the formation of a bone
20250724_085919.jpg,47.2357999,6.0242738,"<a href=""https://github.com/Mapping-Aficionados/GroupPresentation/blob/main/Reduced_1/20250724_085919.jpg"">Click here to see the image</a>","<img src=""https://github.com/Mapping-Aficionados/GroupPresentation/blob/main/Reduced_3/20250724_085919.jpg?raw=true"">",High,Avian and Aerial,"#1 Category (5 out of 9 55.6%), #2 Category (2 out o f 9 22.2%), #3 category(1 out of 9 11.1%)",#e377c2,"the bat signal, crown, cat, wave and cliff, map, spiral, Sitting man, rino head, crown coming back to the fortress",chick emerging from an egg,chicken,hen,hen,hen,face,Fat cat,one-ear cat,a cat wit one ear
20250725_105921.jpg,47.2339664,6.0253444,"<a href=""https://github.com/Mapping-Aficionados/GroupPresentation/blob/main/Reduced_1/20250725_105921.jpg"">Click here to see the image</a>","<img src=""https://github.com/Mapping-Aficionados/GroupPresentation/blob/main/Reduced_3/20250725_105921.jpg?raw=true"">",Medium,Abstract Patterns and Forms,"#1 Category (5 out of 9 55.6%), #2 Category (3 out o f 9 33.3%), #3 category(1 out of 9 11.1%)",#2ca02c,"the back end of a very large mouse, falcon, ?, chainswan man's katana man, dog, crescent shadow, helmet soldier, sword handle, pulling a carrot from the soil",Less than sign,minus sign,/ <,direction,arrow,whale,Arrow,left pointing arrow,arrow
20250725_110401.jpg,47.2359448,6.0273944,"<a href=""https://github.com/Mapping-Aficionados/GroupPresentation/blob/main/Reduced_1/20250725_110401.jpg"">Click here to see the image</a>","<img src=""https://github.com/Mapping-Aficionados/GroupPresentation/blob/main/Reduced_3/20250725_110401.jpg?raw=true"">",Medium,Avian and Aerial,"#1 Category (3 out of 9 33.3%), #2 Category (2 out o f 9 22.2%), #3 category(2 out of 9 22.2%)",#e377c2,"a person trying to get out of a swimming pool, leaf, branch, wrapped humanoid monster, lightning and geometric figure, mountain ridge, Shooting woman, butterfly, a vein of France",lightning,crack in the wall,river on map,lightening,lightning,face,Root of plant,lighting striking,crack (fissure)
20250725_110422.jpg,47.2361984,6.0275542,"<a href=""https://github.com/Mapping-Aficionados/GroupPresentation/blob/main/Reduced_1/20250725_110422.jpg"">Click here to see the image</a>","<img src=""https://github.com/Mapping-Aficionados/GroupPresentation/blob/main/Reduced_3/20250725_110422.jpg?raw=true"">",Medium,Aquatic and Marine,"#1 Category (5 out of 9 55.6%), #2 Category (1 out o f 9 11.1%), #3 category(1 out of 9 11.1%)",#7f7f7f,"a man with a large nose, pointing finger, syringe, bird's head and neck, geometric figure, coral reef, Crocodile, crocodile side face, tuning fork",moray eel,whale,whale,water infiltration,python head,paw,Whale,macaroon,shark's digestive track
20250725_115136.jpg,47.2362908,6.0277071,"<a href=""https://github.com/Mapping-Aficionados/GroupPresentation/blob/main/Reduced_1/20250725_115136.jpg"">Click here to see the image</a>","<img src=""https://github.com/Mapping-Aficionados/GroupPresentation/blob/main/Reduced_3/20250725_115136.jpg?raw=true"">",Medium,Reptiles and Monsters,"#1 Category (7 out of 9 77.8%), #2 Category (1 out o f 9 11.1%), #3 category(1 out of 9 11.1%)",#ff7f0e,"multiple lightning, cake with icing, giant bug, lightenings, group of dancing people, snake skin, Mushroom, tree leaves, thirsty land",pac-man ,pacman,pac man,titan's head,dinosaur head,dog,Boot,enlarged pacman,a monster with big jaw
20250725_134732.jpg,47.2349405,6.0248054,"<a href=""https://github.com/Mapping-Aficionados/GroupPresentation/blob/main/Reduced_1/20250725_134732.jpg"">Click here to see the image</a>","<img src=""https://github.com/Mapping-Aficionados/GroupPresentation/blob/main/Reduced_3/20250725_134732.jpg?raw=true"">",High,Reptiles and Monsters,"#1 Category (5 out of 9 55.6%), #2 Category (1 out o f 9 11.1%), #3 category(1 out of 9 11.1%)",#ff7f0e,"a person lying down, the Nile River, pterodactyl hunting snake, snake and dry branch, map, branching tree, Two snake fighting and one passing by, mountain landscape, dna chain",snake,snake,snake,snake,snake,person with big head,Branch,arch,a view to the Alps
20250725_134942.jpg,47.2347495,6.0250368,"<a href=""https://github.com/Mapping-Aficionados/GroupPresentation/blob/main/Reduced_1/20250725_134942.jpg"">Click here to see the image</a>","<img src=""https://github.com/Mapping-Aficionados/GroupPresentation/blob/main/Reduced_3/20250725_134942.jpg?raw=true"">",Medium,Landscapes and Geography,"#1 Category (3 out of 9 33.3%), #2 Category (3 out o f 9 33.3%), #3 category(1 out of 9 11.1%)",#d62728,"blue heron, ?, cracked phone screen, dagger,",tornado,tornado,bovine,cobra,cobra,sad person with big nose,Squashed toothpaste tube,south america,mermaid and the creature sticking from the ceiling kissing
20250725_135236.jpg,47.2346125,6.0253569,"<a href=""https://github.com/Mapping-Aficionados/GroupPresentation/blob/main/Reduced_1/20250725_135236.jpg"">Click here to see the image</a>","<img src=""https://github.com/Mapping-Aficionados/GroupPresentation/blob/main/Reduced_3/20250725_135236.jpg?raw=true"">",Low,,,,"the number three,",blue heron,?,cracked phone srceen,dagger,sword,fin,Fencer,sword,sword through wall
20250725_135317.jpg,47.2345181,6.0254557,"<a href=""https://github.com/Mapping-Aficionados/GroupPresentation/blob/main/Reduced_1/20250725_135317.jpg"">Click here to see the image</a>","<img src=""https://github.com/Mapping-Aficionados/GroupPresentation/blob/main/Reduced_3/20250725_135317.jpg?raw=true"">",Low,,,,"a tadpole, fish, pelvic bone, fallen rose, A towering mountain peak, sea turtle, Goldfish, ant, archipelago",the number three,sandwich,sandwich,boot,books,cat,Shark,chinese character for 3,layering
20250725_135412.jpg,47.2347051,6.0258901,"<a href=""https://github.com/Mapping-Aficionados/GroupPresentation/blob/main/Reduced_1/20250725_135412.jpg"">Click here to see the image</a>","<img src=""https://github.com/Mapping-Aficionados/GroupPresentation/blob/main/Reduced_3/20250725_135412.jpg?raw=true"">",Medium,Abstract Patterns and Forms,"#1 Category (5 out of 9 55.6%), #2 Category (1 out o f 9 11.1%), #3 category(1 out of 9 11.1%)",#2ca02c,"the wave, pot, pigeon, smile, Crab, flying bird silhouette, crow",palm tree,palm tree,lunar docking station,palm,lightning,legs,Tomato stem,inverted psychology symbol,skiny mosquito
20250725_135459.jpg,47.2347053,6.0258372,"<a href=""https://github.com/Mapping-Aficionados/GroupPresentation/blob/main/Reduced_1/20250725_135459.jpg"">Click here to see the image</a>","<img src=""https://github.com/Mapping-Aficionados/GroupPresentation/blob/main/Reduced_3/20250725_135459.jpg?raw=true"">",Low,,,,"the wicked witch melting, clouds, smoke, map,",the wave,pot,eagle,flying eagle,pigeon,smile,Crab,flying bird silhouette,crow
20250727_152302.jpg,47.2314308,6.0264129,"<a href=""https://github.com/Mapping-Aficionados/GroupPresentation/blob/main/Reduced_1/20250727_152302.jpg"">Click here to see the image</a>","<img src=""https://github.com/Mapping-Aficionados/GroupPresentation/blob/main/Reduced_3/20250727_152302.jpg?raw=true"">",Low,,,,"a horse skeleton, dinosaur, bird skeleton, pterodactyl, inverted alien, shell, Long nose old man, sofa, distribution of data",the wicked witch melting,clouds,witch's hat,smoke,map,mold,Witch,witch hat,continents in formation
20250727_152456.jpg,47.23161,6.0265435,"<a href=""https://github.com/Mapping-Aficionados/GroupPresentation/blob/main/Reduced_1/20250727_152456.jpg"">Click here to see the image</a>","<img src=""https://github.com/Mapping-Aficionados/GroupPresentation/blob/main/Reduced_3/20250727_152456.jpg?raw=true"">",Low,,,,"an isthmus, bear profile, pterodactyl, ?, two big comma, nebula, A hunged man and an upside-down man, about to kiss, districts on a map",a horse skeleton,dinosaur,bird skeleton,pterodactyl ,inverted alien,shell,Long nose old man,sofa,distribution of data
20250727_152610.jpg,47.2320546,6.0265479,"<a href=""https://github.com/Mapping-Aficionados/GroupPresentation/blob/main/Reduced_1/20250727_152610.jpg"">Click here to see the image</a>","<img src=""https://github.com/Mapping-Aficionados/GroupPresentation/blob/main/Reduced_3/20250727_152610.jpg?raw=true"">",Medium,Human Faces and Profiles,"#1 Category (3 out of 9 33.3%), #2 Category (2 out o f 9 22.2%), #3 category(2 out of 9 22.2%)",#9467bd,"A sufi dancing, angel, rat, smiling shark, a king nd a dropped crown, face, a laughing seahorse",A person looking left,bird,baby bird,handle,a runnig person,face,Sunglasses,sun glasses,aviator teardrop sunglasses in verticale
20250727_153019.jpg,47.2328206,6.0263058,"<a href=""https://github.com/Mapping-Aficionados/GroupPresentation/blob/main/Reduced_1/20250727_153019.jpg"">Click here to see the image</a>","<img src=""https://github.com/Mapping-Aficionados/GroupPresentation/blob/main/Reduced_3/20250727_153019.jpg?raw=true"">",Low,,,,"the bat signal, crown, cat, wave and cliff, map, spiral, Sitting man, rino head, crown coming back to the fortress",A sufi dancing,angel,rat,smiling shark,a king nd a dropped crown,face,Fire dragon,dragon,a laughing seahorse
20250727_153306.jpg,47.233579,6.0267801,"<a href=""https://github.com/Mapping-Aficionados/GroupPresentation/blob/main/Reduced_1/20250727_153306.jpg"">Click here to see the image</a>","<img src=""https://github.com/Mapping-Aficionados/GroupPresentation/blob/main/Reduced_3/20250727_153306.jpg?raw=true"">",Low,,,,"the back end of a very large mouse, falcon, ?, chainswan man's katana man, dog, crescent shadow, helmet soldier, sword handle, pulling a carrot from the soil",the bat signal,crown,cat,wave and cliff,map,spiral,Sitting man,rino head,crown coming back to the fortress
20250727_153556.jpg,47.2333654,6.0272937,"<a href=""https://github.com/Mapping-Aficionados/GroupPresentation/blob/main/Reduced_1/20250727_153556.jpg"">Click here to see the image</a>","<img src=""https://github.com/Mapping-Aficionados/GroupPresentation/blob/main/Reduced_3/20250727_153556.jpg?raw=true"">",Low,,,,"a person trying to get out of a swimming pool, leaf, branch, wrapped humanoid monster, lightning and geometric figure, mountain ridge, Shooting woman, butterfly, a vein of France",the back end of a very large mouse,falcon,?,chainswan man's katana man,dog,crescent shadow,helmet soldier,sword handle,pulling a carrot from the soil
20250727_153832.jpg,47.2335643,6.0281042,"<a href=""https://github.com/Mapping-Aficionados/GroupPresentation/blob/main/Reduced_1/20250727_153832.jpg"">Click here to see the image</a>","<img src=""https://github.com/Mapping-Aficionados/GroupPresentation/blob/main/Reduced_3/20250727_153832.jpg?raw=true"">",Low,,,,"duck face, sea surface, a bottle lying on its side, sleeping bear",a person trying to get out of a swimming pool,leaf,branch,wrapped humanoid monster ,lightning and geometric figure,mountain ridge,Shooting woman,butterfly,a vein of France
20250727_154046.jpg,47.2340058,6.0288044,"<a href=""https://github.com/Mapping-Aficionados/GroupPresentation/blob/main/Reduced_1/20250727_154046.jpg"">Click here to see the image</a>","<img src=""https://github.com/Mapping-Aficionados/GroupPresentation/blob/main/Reduced_3/20250727_154046.jpg?raw=true"">",Low,,,,"a man with a large nose, pointing finger, syringe, bird's head and neck, geometric figure, coral reef, Crocodile, crocodile side face, tuning fork",a smily face,Smiling face with open mouth,duck face,sea surface,a bottle lying on its side,sleeping bear,Beard man,Smiling face with open mouth,a collection of shapes
GOPR3224.JPG,47.2327752,6.0195877,"<a href=""https://github.com/Mapping-Aficionados/GroupPresentation/blob/main/Reduced_1/GOPR3224.JPG"">Click here to see the image</a>","<img src=""https://github.com/Mapping-Aficionados/GroupPresentation/blob/main/Reduced_3/GOPR3224.JPG?raw=true"">",Low,,,,"a horse eating from a trough, foot, military cap, arm?, an abstract painting, swirling mist, floating samurai",a man with a large nose,pointing finger,syringe ,bird's head and neck,geometric figure,coral reef,Crocodile,crocodile side face,tuning fork
GOPR3225.JPG,47.2312094,6.0189894,"<a href=""https://github.com/Mapping-Aficionados/GroupPresentation/blob/main/Reduced_1/GOPR3225.JPG"">Click here to see the image</a>","<img src=""https://github.com/Mapping-Aficionados/GroupPresentation/blob/main/Reduced_3/GOPR3225.JPG?raw=true"">",Low,,,,"milk dripping off a table, ?, ?, cartoon crocodile, sunflower heart, stairs, first snow",a horse eating from a trough,foot,military cap,arm?,an abstract painting,swirling mist,Whale,whale head,floating samurai
GOPR3227.JPG,47.2313533,6.0225712,"<a href=""https://github.com/Mapping-Aficionados/GroupPresentation/blob/main/Reduced_1/GOPR3227.JPG"">Click here to see the image</a>","<img src=""https://github.com/Mapping-Aficionados/GroupPresentation/blob/main/Reduced_3/GOPR3227.JPG?raw=true"">",Medium,Reptiles and Monsters,"#1 Category (3 out of 7 42.9%), #2 Category (2 out o f 7 28.6%), #3 category(2 out of 7 28.6%)",#ff7f0e,"a right hand mitten, whale, cartoon hippo, cartoon dog, a narrow peninsula and the ocean, crystal web, Turtle head, oven mit, a happy, drooling dog",milk dripping off a table,?,cartoon crocodile,?,dinosaur head,sunflower heart,Dinosaur head,stairs,first snow
GOPR3229.JPG,47.2312869,6.0243407,"<a href=""https://github.com/Mapping-Aficionados/GroupPresentation/blob/main/Reduced_1/GOPR3229.JPG"">Click here to see the image</a>","<img src=""https://github.com/Mapping-Aficionados/GroupPresentation/blob/main/Reduced_3/GOPR3229.JPG?raw=true"">",Low,,,,"a person lookig at the sky, squirrel, T-rex profile, island, vulture, flowing river, horizontal koala",a right hand mitten,whale,cartoon hippo,cartoon dog,a narrow peninsula and the ocean,crystal web,Turtle head,oven mit,"a happy, drooling dog"
GOPR3230.JPG,47.2320326,6.0245648,"<a href=""https://github.com/Mapping-Aficionados/GroupPresentation/blob/main/Reduced_1/GOPR3230.JPG"">Click here to see the image</a>","<img src=""https://github.com/Mapping-Aficionados/GroupPresentation/blob/main/Reduced_3/GOPR3230.JPG?raw=true"">",Low,,,,"the San Francisco bay, ?, bald eagle, vulture, a lying down person and a screaming bird, fish scales, Golf club, hair dryer, batteries charger",a person lookig at the sky,squirrel,T-rex profile,island,vulture,flowing river,Shoe,stepping shoe,horizontal koala
GOPR3231.JPG,47.2321326,6.0247136,"<a href=""https://github.com/Mapping-Aficionados/GroupPresentation/blob/main/Reduced_1/GOPR3231.JPG"">Click here to see the image</a>","<img src=""https://github.com/Mapping-Aficionados/GroupPresentation/blob/main/Reduced_3/GOPR3231.JPG?raw=true"">",Low,,,,"a person lying down, the Nile River, pterodactyl hunting snake, snake and dry branch, map, branching tree, Two snake fighting and one passing by, mountain landscape, dna chain",the San Francisco bay,?,bald eagle,vulture,a lying down person and a srceaming bird,fish scales,Golf club,hair dryer,batteries charger
GOPR3232.JPG,47.2321591,6.0249013,"<a href=""https://github.com/Mapping-Aficionados/GroupPresentation/blob/main/Reduced_1/GOPR3232.JPG"">Click here to see the image</a>","<img src=""https://github.com/Mapping-Aficionados/GroupPresentation/blob/main/Reduced_3/GOPR3232.JPG?raw=true"">",Low,,,,"a rooster with a comb, ?, woman chatting with birds, smoke, profile of a person with a huge nose, owl eyes, Duck, game control, continent",a person lying down,the Nile River,pterodactyl hunting snake,snake and dry branch,map,branching tree,Two snake fighting and one passing by,mountain landscape,dna chain
GOPR3233.JPG,47.2320532,6.0251542,"<a href=""https://github.com/Mapping-Aficionados/GroupPresentation/blob/main/Reduced_1/GOPR3233.JPG"">Click here to see the image</a>","<img src=""https://github.com/Mapping-Aficionados/GroupPresentation/blob/main/Reduced_3/GOPR3233.JPG?raw=true"">",Low,,,,"a blob, ?, ?, burping profile, ocean waves, broken mirror, Long nose man, huge nose, river delta",a rooster with a comb,?,woman chatting with birds,smoke,profile of a person with a huge nose,owl eyes,Duck,game control,continent
GOPR3234.JPG,47.2319625,6.0254532,"<a href=""https://github.com/Mapping-Aficionados/GroupPresentation/blob/main/Reduced_1/GOPR3234.JPG"">Click here to see the image</a>","<img src=""https://github.com/Mapping-Aficionados/GroupPresentation/blob/main/Reduced_3/GOPR3234.JPG?raw=true"">",Low,,,,"A bat at rest (hanging upside down), iceberg, ?, edge of a broken wooden board, lightning, turtle shell, Sharp nose man, vampire profile, bay",a blob,?,?,burping profile,ocean waves,broken mirror,Long nose man,huge nose,river delta
GOPR3235.JPG,47.2319645,6.0254474,"<a href=""https://github.com/Mapping-Aficionados/GroupPresentation/blob/main/Reduced_1/GOPR3235.JPG"">Click here to see the image</a>","<img src=""https://github.com/Mapping-Aficionados/GroupPresentation/blob/main/Reduced_3/GOPR3235.JPG?raw=true"">",Low,,,,"a UFO, bat, baby in ultrasound, flying eagle, two rectangles, seal flipper, Icecream, ponyo, island",A bat at rest (haning upside down),iceberg,?,edge of a broken wooden board,lightning,turtle shell,Sharp nose man,vampire profile,bay on a map
GOPR3236.JPG,47.2319583,6.0254414,"<a href=""https://github.com/Mapping-Aficionados/GroupPresentation/blob/main/Reduced_1/GOPR3236.JPG"">Click here to see the image</a>","<img src=""https://github.com/Mapping-Aficionados/GroupPresentation/blob/main/Reduced_3/GOPR3236.JPG?raw=true"">",Medium,Avian and Aerial,"#1 Category (3 out of 9 33.3%), #2 Category (3 out o f 9 33.3%), #3 category(2 out of 9 22.2%)",#e377c2,"a tadpole, fish, pelvic bone, fallen rose, A towering mountain peak, sea turtle, Goldfish, ant, archipelago",lightning,river,lightning strike,lightening,a little side-view icon of the Pied Piper,running horse,Lighting,snake,bacterias under microscope
GOPR3237.JPG,47.231955,6.0254474,"<a href=""https://github.com/Mapping-Aficionados/GroupPresentation/blob/main/Reduced_1/GOPR3237.JPG"">Click here to see the image</a>","<img src=""https://github.com/Mapping-Aficionados/GroupPresentation/blob/main/Reduced_3/GOPR3237.JPG?raw=true"">",Low,,,,"a stalagmite, ?, waterfall, leg and a cap, a peaceful face, lion’s mane, Elephant nose, leg, distribution graph",a tadpole,fish,pelvic bone,fallen rose,A towering mountain peak,sea turtle,Goldfish,ant,archipelago
GOPR3238.JPG,47.2316483,6.0258727,"<a href=""https://github.com/Mapping-Aficionados/GroupPresentation/blob/main/Reduced_1/GOPR3238.JPG"">Click here to see the image</a>","<img src=""https://github.com/Mapping-Aficionados/GroupPresentation/blob/main/Reduced_3/GOPR3238.JPG?raw=true"">",Low,,,,"a die showing three pips, two eyes and nose, bird face, wheat, a standing rooster, waterfall’s edge, Angry bird, duck face, islands",a stlagmite,?,waterfall,leg and a cap,a peaceful face,lion’s mane,Elephant nose,leg,distribution graph
GOPR3240.JPG,47.2314856,6.0264599,"<a href=""https://github.com/Mapping-Aficionados/GroupPresentation/blob/main/Reduced_1/GOPR3240.JPG"">Click here to see the image</a>","<img src=""https://github.com/Mapping-Aficionados/GroupPresentation/blob/main/Reduced_3/GOPR3240.JPG?raw=true"">",Low,,,,"a rabbit falling out of a window, torch, heart, wolf drinking tea, A person's profile facing up and another person's profile facing down, lunar surface, A man kicks a stone high up, rooster, archipelago",a die showing three pips,two eyes and nose,bird face,wheat,a standing rooster,waterfall’s edge,Angry bird,duck face,islands
GOPR3241.JPG,47.2314852,6.0265279,"<a href=""https://github.com/Mapping-Aficionados/GroupPresentation/blob/main/Reduced_1/GOPR3241.JPG"">Click here to see the image</a>","<img src=""https://github.com/Mapping-Aficionados/GroupPresentation/blob/main/Reduced_3/GOPR3241.JPG?raw=true"">",Low,,,,"an isthmus, bear profile, pterodactyl, ?, two big comma, nebula, A hunged man and an upside-down man, about to kiss, districts on a map",a rabbit falling out of a window,torch,heart,wolf drinking tea,A person's profile facing up and another person's profile facing down,lunar surface,A man kicks a stone high up,rooster,archipelago
GOPR3242.JPG,47.2321884,6.0263594,"<a href=""https://github.com/Mapping-Aficionados/GroupPresentation/blob/main/Reduced_1/GOPR3242.JPG"">Click here to see the image</a>","<img src=""https://github.com/Mapping-Aficionados/GroupPresentation/blob/main/Reduced_3/GOPR3242.JPG?raw=true"">",Low,,,,"a red ring-necked panda, the number 8, pill, birds, bare tree, autumn leaf, Dinosaur, shoe print, footprint",an isthmus ,bear profile,pterodactyl,?,two big comma,nebula,A hunged man and a upside-down man,about to kiss,districts on a map
GOPR3243.JPG,47.2322482,6.0264082,"<a href=""https://github.com/Mapping-Aficionados/GroupPresentation/blob/main/Reduced_1/GOPR3243.JPG"">Click here to see the image</a>","<img src=""https://github.com/Mapping-Aficionados/GroupPresentation/blob/main/Reduced_3/GOPR3243.JPG?raw=true"">",Low,,,,"a gorilla, ?, bra, laughing monsters, A peninsula with a few little islands and the ocean, lightning bolt, Crab claw, middle finger, Scandinavia subregion",a red ring-necked panda,the number 8,pill,birds,bare tree,autumn leaf,Dinosaur,shoe print,footprint
GOPR3244.JPG,47.2323639,6.026369,"<a href=""https://github.com/Mapping-Aficionados/GroupPresentation/blob/main/Reduced_1/GOPR3244.JPG"">Click here to see the image</a>","<img src=""https://github.com/Mapping-Aficionados/GroupPresentation/blob/main/Reduced_3/GOPR3244.JPG?raw=true"">",Low,,,,"the chesapeake bay, ?, ?, avalanche, a side profile, chessboard, Crocodile, dolphin, spilled ink",a gorilla,?,bra,laughing monsters,A peninsula with a few little islands and the ocean,lightning bolt,Crab claw,middle finger,Scandinavia subregion
GOPR3245.JPG,47.2323754,6.0263897,"<a href=""https://github.com/Mapping-Aficionados/GroupPresentation/blob/main/Reduced_1/GOPR3245.JPG"">Click here to see the image</a>","<img src=""https://github.com/Mapping-Aficionados/GroupPresentation/blob/main/Reduced_3/GOPR3245.JPG?raw=true"">",Low,,,,"a cubist portrait of a person, base of column, an elephant, bird, A man's profile",the chesapeake bay,?,?,avalanche,a side profile,chessboard,Crocodile,dolphin,spilled ink
GOPR3246.JPG,47.2334117,6.0265344,"<a href=""https://github.com/Mapping-Aficionados/GroupPresentation/blob/main/Reduced_1/GOPR3246.JPG"">Click here to see the image</a>","<img src=""https://github.com/Mapping-Aficionados/GroupPresentation/blob/main/Reduced_3/GOPR3246.JPG?raw=true"">",Low,,,,"a wall needing tuckpointing, sleeping cat, ?, ?, triangel, bird, Thumb, seated cat, a chick and a bird sharing food",a cubist portrait of a person,profile face,portrait / profile,base of column,an elephant,bird,A man's profile,sad profile,Yin and yang
GOPR3250.JPG,47.2345563,6.0293595,"<a href=""https://github.com/Mapping-Aficionados/GroupPresentation/blob/main/Reduced_1/GOPR3250.JPG"">Click here to see the image</a>","<img src=""https://github.com/Mapping-Aficionados/GroupPresentation/blob/main/Reduced_3/GOPR3250.JPG?raw=true"">",Low,,,,"triangles, zigzag, / /, mountain hills, cross, tornado, Chrismas tree, flash logo, wrench",a wall needing tuckpointing,sleeping cat,?,?,triangel,bird,Thumb,seated cat,a chick and a bird sharing food
Image_7075.jpg,47.23398333,6.025275,"<a href=""https://github.com/Mapping-Aficionados/GroupPresentation/blob/main/Reduced_1/Image_7075.jpg"">Click here to see the image</a>","<img src=""https://github.com/Mapping-Aficionados/GroupPresentation/blob/main/Reduced_3/Image_7075.jpg?raw=true"">",Low,,,,"an umbrella blown inside-out, tree, Gru from Despicable Me, branch, fairy and leaves, a flying bird, person with big head, Candle holder, jesuits symbol, streets on a map",triangles,zigzag ,/ / ,mountain hills,cross,tornado,Chrismas tree,flash logo,wrench
Image_7076.jpg,47.23305,6.025569444,"<a href=""https://github.com/Mapping-Aficionados/GroupPresentation/blob/main/Reduced_1/Image_7076.jpg"">Click here to see the image</a>","<img src=""https://github.com/Mapping-Aficionados/GroupPresentation/blob/main/Reduced_3/Image_7076.jpg?raw=true"">",Low,,,,"a face looking down, dove, turtle head, stingray, triangle, face with open mouth, Shark, side profile, landlocked country",an umbrella blown inside-out,tree,Gru from Despicable me,"branch,fairy and leaves",a flying bird,person with big head,Candle holder,jesuits symbol,streets on a map
Image_7077.jpg,47.23306944,6.025475,"<a href=""https://github.com/Mapping-Aficionados/GroupPresentation/blob/main/Reduced_1/Image_7077.jpg"">Click here to see the image</a>","<img src=""https://github.com/Mapping-Aficionados/GroupPresentation/blob/main/Reduced_3/Image_7077.jpg?raw=true"">",Low,,,,"the tip of a spear, laughing (some sort of creature), wolf opening his mouth, a barking dog, bird with long beak, Triangle, right angle",a face looking down,dove,turtle head,stingray,triangel,face with open mouth,Shark,side profile,landlocked country
Image_7078.jpg,47.23315556,6.025816667,"<a href=""https://github.com/Mapping-Aficionados/GroupPresentation/blob/main/Reduced_1/Image_7078.jpg"">Click here to see the image</a>","<img src=""https://github.com/Mapping-Aficionados/GroupPresentation/blob/main/Reduced_3/Image_7078.jpg?raw=true"">",Low,,,,"a cat with a large head, Face with stuck-out tongue, upsidedown penguin, cat meowing, lightning, upwards looking face, Dog, fist, dog with huge head and ears",the tip of a spear,pacman,laughing (some sort of creature),wolf opening his mouth,a barking dog,bird with long beak,Triangle,pacman mouths,right angle
Image_7079.jpg,47.23406667,6.025444444,"<a href=""https://github.com/Mapping-Aficionados/GroupPresentation/blob/main/Reduced_1/Image_7079.jpg"">Click here to see the image</a>","<img src=""https://github.com/Mapping-Aficionados/GroupPresentation/blob/main/Reduced_3/Image_7079.jpg?raw=true"">",Low,,,,"lightning,\, snake, A shark fin above the sea,",a cat with a large head,Face with stuck-out tongue,upsidedown penguin,cat meowing ,lightning,upwards looking face,Dog,fist,dog with huge head and ears
Image_7080.jpg,47.23408056,6.0254,"<a href=""https://github.com/Mapping-Aficionados/GroupPresentation/blob/main/Reduced_1/Image_7080.jpg"">Click here to see the image</a>","<img src=""https://github.com/Mapping-Aficionados/GroupPresentation/blob/main/Reduced_3/Image_7080.jpg?raw=true"">",Medium,Reptiles and Monsters,"#1 Category (5 out of 9 55.6%), #2 Category (3 out o f 9 33.3%), #3 category(1 out of 9 11.1%)",#ff7f0e,"a volcano, shoe, tent, pyramid, dog, cake stand, Hat, mountain, dog with elongated muzzle",lightning,\,crack in the wall,snake,A shark fin above the sea,upwards looking face,River,river,crack 
image_7168.jpg,47.240775,6.0238,"<a href=""https://github.com/Mapping-Aficionados/GroupPresentation/blob/main/Reduced_1/image_7168.jpg"">Click here to see the image</a>","<img src=""https://github.com/Mapping-Aficionados/GroupPresentation/blob/main/Reduced_3/image_7168.jpg?raw=true"">",Low,,,,"a cat looking right, Snoopy, hippo, dog, cow, marble road, Camel, doggy profile, dog looked up at its owner",a volcano,shoe,tent,pyramid,dog,cake stand,Hat,mountain,dog with elongated muzzle
image_7208.jpg,47.23294444,6.025647222,"<a href=""https://github.com/Mapping-Aficionados/GroupPresentation/blob/main/Reduced_1/image_7208.jpg"">Click here to see the image</a>","<img src=""https://github.com/Mapping-Aficionados/GroupPresentation/blob/main/Reduced_3/image_7208.jpg?raw=true"">",Low,,,,"a stone-hedge rock table, Stonehenge, silhouette of a house, dolls, A map with land, a peninsula, and the ocean, pebble mosaic, Whale, inca port, puzzle",a cat looking right,Snoopy,hippo,dog,cow,marble road,Camel,doggy profile,dog looked up at its owner
IMG_1310.JPG,47.23611389,6.027605556,"<a href=""https://github.com/Mapping-Aficionados/GroupPresentation/blob/main/Reduced_1/IMG_1310.JPG"">Click here to see the image</a>","<img src=""https://github.com/Mapping-Aficionados/GroupPresentation/blob/main/Reduced_3/IMG_1310.JPG?raw=true"">",Low,,,,"a dolphin, ?, a girl with bob haircut, deformed creature, Two overlapping lions",a stone-hedge rock table,Stonehenge,silhouette of a house,dolls,"A map with land, a peninsula, and the ocean",pebble mosaic,Whale,inca port,puzzle
IMG_1317.JPG,47.23458889,6.026330556,"<a href=""https://github.com/Mapping-Aficionados/GroupPresentation/blob/main/Reduced_1/IMG_1317.JPG"">Click here to see the image</a>","<img src=""https://github.com/Mapping-Aficionados/GroupPresentation/blob/main/Reduced_3/IMG_1317.JPG?raw=true"">",Low,,,,"a flying mouse, crashing to the ground, jumping bull, cat head, jellyfish tentacles, Squirrel, por lid reptile",a dolphin,?,a girl with bob haircut,deformed creature ,Two overlapping lions,frosted window,Sock,Christmas sock,boot
IMG_5833.JPG,47.23616944,6.027602778,"<a href=""https://github.com/Mapping-Aficionados/GroupPresentation/blob/main/Reduced_1/IMG_5833.JPG"">Click here to see the image</a>","<img src=""https://github.com/Mapping-Aficionados/GroupPresentation/blob/main/Reduced_3/IMG_5833.JPG?raw=true"">",Low,,,,"a stream of water from a cave, squinting face, sleeping baby, whorshipper in a river with severed heads, worm, ?, Gun, Minecraft block, hobbo's derrière","a flying mouse, crashing to the ground",dolphin,dolphin,jumping bull,cat head,jellyfish tentacles,Squirrel,por lid,reptile
IMG_5834.JPG,47.23575278,6.026597222,"<a href=""https://github.com/Mapping-Aficionados/GroupPresentation/blob/main/Reduced_1/IMG_5834.JPG"">Click here to see the image</a>","<img src=""https://github.com/Mapping-Aficionados/GroupPresentation/blob/main/Reduced_3/IMG_5834.JPG?raw=true"">",Medium,Cats and Dogs,"#1 Category (3 out of 8 37.5%), #2 Category (2 out o f 8 25%), #3 category(1 out of 8 12.5%)",#8c564b,"snowman, chick, a thick eyebrow, spiraling star,",a cat's head,cat face,owl,?,camel,maze,Parrot,cat face,isthmus
IMG_5835.JPG,47.23468333,6.026311111,"<a href=""https://github.com/Mapping-Aficionados/GroupPresentation/blob/main/Reduced_1/IMG_5835.JPG"">Click here to see the image</a>","<img src=""https://github.com/Mapping-Aficionados/GroupPresentation/blob/main/Reduced_3/IMG_5835.JPG?raw=true"">",Low,,,,"a lizard or dinausaur, UFO, the bean' (sculpture in Chicago), dolphin, crocodile head, sandy shore, Turtle head, rabbit ear, arc",a rabbit with a frog,bunny,snowman,chick,a thick eyebrow,spiraling star,Duck,rabbit,rabbit with huge eye
IMG_5836.JPG,47.23470556,6.026280556,"<a href=""https://github.com/Mapping-Aficionados/GroupPresentation/blob/main/Reduced_1/IMG_5836.JPG"">Click here to see the image</a>","<img src=""https://github.com/Mapping-Aficionados/GroupPresentation/blob/main/Reduced_3/IMG_5836.JPG?raw=true"">",Low,,,,"hippo, manatee, end of cave, a parrot kissing a person, lizard skin, Woman, hipo side profile, peninsula",a lizard or dinausaur,UFO,the bean' (sculpture in Chicago),dolphin,crocodile head,sandy shore,Turtle head,rabbit ear,arc
IMG_5839.JPG,47.23319167,6.025502778,"<a href=""https://github.com/Mapping-Aficionados/GroupPresentation/blob/main/Reduced_1/IMG_5839.JPG"">Click here to see the image</a>","<img src=""https://github.com/Mapping-Aficionados/GroupPresentation/blob/main/Reduced_3/IMG_5839.JPG?raw=true"">",Low,,,,"a person kissing a cat, drinking from a mug, a kiss, severed head next to small animal on boat, a person's profile facing up and another person's profile facing down, honeycomb, A drinking man, capibara, Bosporus strait",,hippo,manatee,end of cave,a parrot kissing a person,lizard skin,Woman,hipo side profile,peninsula
IMG_5841.JPG,47.23259722,6.026402778,"<a href=""https://github.com/Mapping-Aficionados/GroupPresentation/blob/main/Reduced_1/IMG_5841.JPG"">Click here to see the image</a>","<img src=""https://github.com/Mapping-Aficionados/GroupPresentation/blob/main/Reduced_3/IMG_5841.JPG?raw=true"">",Low,,,,"a bear looking right, bear profile, pterodactyl (again!), stingray, a continent, peninsula, some islands and the ocean, puzzle pieces, A hanged man and an upside-down man, side profile, districts on a map",a person kissing a cat,drinking from a mug,a kiss,severed head next to small animal on boat ,a person's profile facing up and another person's profile facing down,honeycomb,A drinking man,capibara,Bosporus strait
IMG_5843.JPG,47.23216111,6.026327778,"<a href=""https://github.com/Mapping-Aficionados/GroupPresentation/blob/main/Reduced_1/IMG_5843.JPG"">Click here to see the image</a>","<img src=""https://github.com/Mapping-Aficionados/GroupPresentation/blob/main/Reduced_3/IMG_5843.JPG?raw=true"">",Low,,,,"a rabbit peering around a wall, ?, blot, cow, ghost’s veil, Snake, dog",a bear looking right,bear profile,pterodactyl (again!),stingray,"a continent, peninsula, some islands and the ocean",puzzle pieces,A hanged man and an upside-down man,side profile,districts on a map
IMG_5849.JPG,47.23309444,6.025763889,"<a href=""https://github.com/Mapping-Aficionados/GroupPresentation/blob/main/Reduced_1/IMG_5849.JPG"">Click here to see the image</a>","<img src=""https://github.com/Mapping-Aficionados/GroupPresentation/blob/main/Reduced_3/IMG_5849.JPG?raw=true"">",Low,,,,"extreme closeup of a  boxing glover with boxer behind it, letter M, silhouette of a house, elephant's trunk holding a man by the neck, an abstract face, cave entrance, A person throws a punch, llama, puzzle",a rabbit peering around a wall,?,archipelago,blot,cow,ghost’s veil,Snake,dog,archipelago
IMG_5876.JPG,47.2361,6.027555556,"<a href=""https://github.com/Mapping-Aficionados/GroupPresentation/blob/main/Reduced_1/IMG_5876.JPG"">Click here to see the image</a>","<img src=""https://github.com/Mapping-Aficionados/GroupPresentation/blob/main/Reduced_3/IMG_5876.JPG?raw=true"">",Low,,,,"An uppercase Gamma, kiss, ?, hand of god (Sixtine chapel), submarine, rushing water, Big nose man, compas, a man and a woman with huge nose touching foreheads",extreme closeup of a  boxing glover with boxer behind it,letter M,silhouette of a house,elephant's trunk holding a man by the neck,an abstract face,cave entrance,A person throws a punch,llama,puzzle
IMG_5877.JPG,47.23461944,6.025233333,"<a href=""https://github.com/Mapping-Aficionados/GroupPresentation/blob/main/Reduced_1/IMG_5877.JPG"">Click here to see the image</a>","<img src=""https://github.com/Mapping-Aficionados/GroupPresentation/blob/main/Reduced_3/IMG_5877.JPG?raw=true"">",High,Abstract Patterns and Forms,"#1 Category (4 out of 9 44.4%), #2 Category (2 out o f 9 22.2%), #3 category(1 out of 9 11.1%)",#2ca02c,"a triangle shaped island, ?, phoenix, butterfly, mountains, cracked leaf, Triangle fish, bat, Madagascar",exclamation point,exclamation point,cubist portrait,weird exclamation mark,a sideways abstract face,eagle wing,Shovel,exclamation mark,districts on a map
IMG_5878.jpg,47.23618889,6.023375,"<a href=""https://github.com/Mapping-Aficionados/GroupPresentation/blob/main/Reduced_1/IMG_5878.jpg"">Click here to see the image</a>","<img src=""https://github.com/Mapping-Aficionados/GroupPresentation/blob/main/Reduced_3/IMG_5878.jpg?raw=true"">",Low,,,,data visualization,a triangle shaped island ,?,phoenix,butterfly,mountains,cracked leaf,Triangle fish,bat,Madagascar
IMG_5879.JPG,47.23792222,6.022075,"<a href=""https://github.com/Mapping-Aficionados/GroupPresentation/blob/main/Reduced_1/IMG_5879.JPG"">Click here to see the image</a>","<img src=""https://github.com/Mapping-Aficionados/GroupPresentation/blob/main/Reduced_3/IMG_5879.JPG?raw=true"">",Low,,,,"light reflecting on a lake, river delta, two rectangles, phantom mask, Lighting,pathway, merging",a mountain range,data visualization,landscape with hills,mountains,a big lightning,zebra stripes,Big boob woman,ghost,color spills
IMG_5880.JPG,47.23787778,6.022238889,"<a href=""https://github.com/Mapping-Aficionados/GroupPresentation/blob/main/Reduced_1/IMG_5880.JPG"">Click here to see the image</a>","<img src=""https://github.com/Mapping-Aficionados/GroupPresentation/blob/main/Reduced_3/IMG_5880.JPG?raw=true"">",Low,,,,"florida, elephant, pointing finger, fake map, half a ninja's face, mosaic flower, Cucumber, seagull, bay",light reflecting on a lake,river delta,flowing river,river,two rectangles,phantom mask,Lighting,pathway ,merging
IMG_5881.JPG,47.23823056,6.022983333,"<a href=""https://github.com/Mapping-Aficionados/GroupPresentation/blob/main/Reduced_1/IMG_5881.JPG"">Click here to see the image</a>","<img src=""https://github.com/Mapping-Aficionados/GroupPresentation/blob/main/Reduced_3/IMG_5881.JPG?raw=true"">",Medium,Abstract Patterns and Forms,"#1 Category (5 out of 9 55.6%), #2 Category (2 out o f 9 22.2%), #3 category(1 out of 9 11.1%)",#2ca02c,"A slice of marbled cake, Ukraine, floatting tree trunk, a square lighter, sand dunes, Driftwood floating on the water, a piece of cream filled cake","A boot, horizontal",upside down Ukraine,upsidedown Ukraine flag,flag,two irregular rectangles,fallen feather,Rectangle,inverted Ukrainian flag,a piece of cream filled cake
IMG_5882.JPG,47.238025,6.022738889,"<a href=""https://github.com/Mapping-Aficionados/GroupPresentation/blob/main/Reduced_1/IMG_5882.JPG"">Click here to see the image</a>","<img src=""https://github.com/Mapping-Aficionados/GroupPresentation/blob/main/Reduced_3/IMG_5882.JPG?raw=true"">",Low,,,,"The kaaba, river in the afterlife in ancient egyptian tombs, a spotted dog sticking its tongue out, jelly swirl, Airpods charging case, sock puppet, waste container",A slice of marbled cake,Ukraine,Ukraine flag,floatting tree trunk ,a square lighter,sand dunes,Driftwood floating on the water,Ukrainian flag,a piece of cream filled cake
IMG_5883.JPG,47.238075,6.022702778,"<a href=""https://github.com/Mapping-Aficionados/GroupPresentation/blob/main/Reduced_1/IMG_5883.JPG"">Click here to see the image</a>","<img src=""https://github.com/Mapping-Aficionados/GroupPresentation/blob/main/Reduced_3/IMG_5883.JPG?raw=true"">",Low,,,,"A person (or dog) sticking out its tongue, a goldfish from the side, comet trail, Dalmatian sticking out tongue, footprints",The kaaba,Brancusi,Brancusi 'Kiss', river in the afterlife in ancient egyptian tombs,a spotted dog sticking its tongue out,jelly swirl,Airpods changing case,sock puppet,waste container
IMG_5884.JPG,47.23756111,6.022038889,"<a href=""https://github.com/Mapping-Aficionados/GroupPresentation/blob/main/Reduced_1/IMG_5884.JPG"">Click here to see the image</a>","<img src=""https://github.com/Mapping-Aficionados/GroupPresentation/blob/main/Reduced_3/IMG_5884.JPG?raw=true"">",Low,,,,"A dog looking at a cat, panda & rat, giant head and cat, llama, dragon’s eye, baby kid, moonfish",A person (or dog) sticking out its tongue,Face with stuck-out tongue,person profile,part of a profile,a goldfish from the side,comet trail,Dalmatian sticking out tongue,Face with stuck-out tongue,footprints
IMG_5885.JPG,47.23866944,6.022166667,"<a href=""https://github.com/Mapping-Aficionados/GroupPresentation/blob/main/Reduced_1/IMG_5885.JPG"">Click here to see the image</a>","<img src=""https://github.com/Mapping-Aficionados/GroupPresentation/blob/main/Reduced_3/IMG_5885.JPG?raw=true"">",Low,,,,"A stream emerging from a hole in a wall, ?, half a guitar, ice crystals, Black alpaca, tram, bishop's profile",A dog looking at a cat ,fish,panda & rat,giant head and cat,llama,dragon’s eye,Fish,baby kid,moonfish
IMG_5887.JPG,47.23869444,6.021936111,"<a href=""https://github.com/Mapping-Aficionados/GroupPresentation/blob/main/Reduced_1/IMG_5887.JPG"">Click here to see the image</a>","<img src=""https://github.com/Mapping-Aficionados/GroupPresentation/blob/main/Reduced_3/IMG_5887.JPG?raw=true"">",Low,,,,"A whale emerging from the ocean, two mushrooms, seashore, mountain and sky, half an alien's face, serpent’s tongue, Handheld loudspeaker, guitar, sand and see",A stream emerging from a hole in a wall,bottle,wine bottle,?,half a guitar,ice crystals,Black alpaca,tram,bishop's profile
IMG_5908.JPG,47.23537778,6.029883333,"<a href=""https://github.com/Mapping-Aficionados/GroupPresentation/blob/main/Reduced_1/IMG_5908.JPG"">Click here to see the image</a>","<img src=""https://github.com/Mapping-Aficionados/GroupPresentation/blob/main/Reduced_3/IMG_5908.JPG?raw=true"">",Low,,,,"A pig in a fog bank, ?, a small bat",A whale emerging from the ocean,two mushrooms,seashore,mountain and sky,half an alien's face,serpent’s tongue,Handheld loudspeaker,guitar,sand and see
IMG_5909.JPG,47.23538056,6.029880556,"<a href=""https://github.com/Mapping-Aficionados/GroupPresentation/blob/main/Reduced_1/IMG_5909.JPG"">Click here to see the image</a>","<img src=""https://github.com/Mapping-Aficionados/GroupPresentation/blob/main/Reduced_3/IMG_5909.JPG?raw=true"">",Low,,,,"a UFO, bat, baby in ultrasound, flying eagle, two rectangles, seal flipper, Icecream, ponyo, island",A pig in a fog bank,elephant,elephant,?,a small bat,river delta,Rhino,spying guy,peninsula
IMG_5911.JPG,47.23506389,6.030016667,"<a href=""https://github.com/Mapping-Aficionados/GroupPresentation/blob/main/Reduced_1/IMG_5911.JPG"">Click here to see the image</a>","<img src=""https://github.com/Mapping-Aficionados/GroupPresentation/blob/main/Reduced_3/IMG_5911.JPG?raw=true"">",Low,,,,"Ukraine, wheatfield and sky, flag, A snowman sticking its tongue out, sunspot, Rectangle, Ukrainian flag, layers",a UFO,bat,baby in ultrasound,flying eagle,two rectangles,seal flipper,Icecream,ponyo,island
IMG_5912.JPG,47.23434722,6.029011111,"<a href=""https://github.com/Mapping-Aficionados/GroupPresentation/blob/main/Reduced_1/IMG_5912.JPG"">Click here to see the image</a>","<img src=""https://github.com/Mapping-Aficionados/GroupPresentation/blob/main/Reduced_3/IMG_5912.JPG?raw=true"">",Low,,,,"just below the ledge: a face, Winnie the Pooh, brutalist building, iceberg, cross, ?, A bird face, rooftop, roof with chimney",,Ukraine,wheatfield and sky,flag,A snowman sticking its tongue out,sunspot,Rectangle,Ukrainian flag,layers
IMG_5916.JPG,47.23223889,6.02635,"<a href=""https://github.com/Mapping-Aficionados/GroupPresentation/blob/main/Reduced_1/IMG_5916.JPG"">Click here to see the image</a>","<img src=""https://github.com/Mapping-Aficionados/GroupPresentation/blob/main/Reduced_3/IMG_5916.JPG?raw=true"">",Low,,,,"marked with a cross, beaver, raccoon with cross around its neck",just below the ledge: a face,Winnie the Pooh,brutalist building,iceberg,cross,?,A bird face,rooftop ,roof with chimney
IMG_9410.jpg,47.23753333,6.017327778,"<a href=""https://github.com/Mapping-Aficionados/GroupPresentation/blob/main/Reduced_1/IMG_9410.jpg"">Click here to see the image</a>","<img src=""https://github.com/Mapping-Aficionados/GroupPresentation/blob/main/Reduced_3/IMG_9410.jpg?raw=true"">",Low,,,,"a stream of water from a cave, squinting face, sleeping baby, whorshipper in a river with severed heads, worm, ?, Gun, Minecraft block, hobbo's derrière","godzilla, marked with a cross",beaver,raccoon with cross around its neck,cross,an upside-down crown,,Dinosaur with a cross,godzilla,monster
IMG_9411.jpg,47.23767222,6.018408333,"<a href=""https://github.com/Mapping-Aficionados/GroupPresentation/blob/main/Reduced_1/IMG_9411.jpg"">Click here to see the image</a>","<img src=""https://github.com/Mapping-Aficionados/GroupPresentation/blob/main/Reduced_3/IMG_9411.jpg?raw=true"">",Low,,,,"a snail crawling to the right, turkey, ?, ?, ?, young ursula (Little mermaid), marine fossil, Sunshine and lake surface, sleeping fox",a stream of water from a cave,squinting face,sleeping baby,whorshipper in a river with severed heads,worm,?,Gun,Minecraft block,hobbo's derrière
IMG_9412.jpg,47.23781111,6.018647222,"<a href=""https://github.com/Mapping-Aficionados/GroupPresentation/blob/main/Reduced_1/IMG_9412.jpg"">Click here to see the image</a>","<img src=""https://github.com/Mapping-Aficionados/GroupPresentation/blob/main/Reduced_3/IMG_9412.jpg?raw=true"">",Medium,Reptiles and Monsters,"#1 Category (2 out of 6 33.3%), #2 Category (2 out of 6 33.3%), #3 category(1 out of 6 16.7%)",#ff7f0e,"a boquet of flowers, pig, dancing, falling human figure, a cheetah's profile, A frightened man, ?, Alladin lamp",a snail crawling to the right,turkey,?,young ursula (Little mermaid),marine fossil,?,Sunshine and lake surface,?,sleeping fox
IMG_9419.jpg,47.24040556,6.022911111,"<a href=""https://github.com/Mapping-Aficionados/GroupPresentation/blob/main/Reduced_1/IMG_9419.jpg"">Click here to see the image</a>","<img src=""https://github.com/Mapping-Aficionados/GroupPresentation/blob/main/Reduced_3/IMG_9419.jpg?raw=true"">",Low,,,,"A face looking down, ghost, ?, ?, lightning over the sea, rising sun, Bull, thanos face, a continent",a boquet of flowers,pig,dancing,falling human figure,a cheetah's profile,,A frightened man,?,Alladin lamp
IMG_9421.jpg,47.24039444,6.022930556,"<a href=""https://github.com/Mapping-Aficionados/GroupPresentation/blob/main/Reduced_1/IMG_9421.jpg"">Click here to see the image</a>","<img src=""https://github.com/Mapping-Aficionados/GroupPresentation/blob/main/Reduced_3/IMG_9421.jpg?raw=true"">",Low,,,,"An uppercase Gamma, kiss, ?, hand of god (Sixtine chapel), submarine, rushing water, Big nose man, compas, a man and a woman with huge nose touching foreheads",A face looking down,ghost,?,?,lightning over the sea,rising sun,Bull,thanos face,a continent
IMG_9424.jpg,47.24072222,6.023816667,"<a href=""https://github.com/Mapping-Aficionados/GroupPresentation/blob/main/Reduced_1/IMG_9424.jpg"">Click here to see the image</a>","<img src=""https://github.com/Mapping-Aficionados/GroupPresentation/blob/main/Reduced_3/IMG_9424.jpg?raw=true"">",Low,,,,"The tail of a whale diving into the sea, mushroom, laser gun, head of a giraffe in wind in cartoon, rhino, stone arch, Whale, water pistol, bird",An uppercase Gamma,kiss,?,hand of god (Sixtine chapel),submarine,rushing water,Big nose man,compas,a man and a woman with huge nose touching foreheads
IMG_20250724_183231.jpg,47.23279722,6.025566667,"<a href=""https://github.com/Mapping-Aficionados/GroupPresentation/blob/main/Reduced_1/IMG_20250724_183231.jpg"">Click here to see the image</a>","<img src=""https://github.com/Mapping-Aficionados/GroupPresentation/blob/main/Reduced_3/IMG_20250724_183231.jpg?raw=true"">",Low,,,,"a dinosaur sticking its head out from behind a wall, open mouthed fish, ?, flying boat (ghost dutch ship), a sinking ship (like the Titanic), bat wings, Turtle head, rino, sparrow",The tail of a whale diving into the sea,mushroom,laser gun,head of a giraffe in wind in cartoon,rhino,stone arch,Whale,water pistol,bird
IMG_20250724_183304.jpg,47.23279722,6.025566667,"<a href=""https://github.com/Mapping-Aficionados/GroupPresentation/blob/main/Reduced_1/IMG_20250724_183304.jpg"">Click here to see the image</a>","<img src=""https://github.com/Mapping-Aficionados/GroupPresentation/blob/main/Reduced_3/IMG_20250724_183304.jpg?raw=true"">",Low,,,,"the turret of a tank, boat, old bald man profile, Titanic (view of a swimmer), walrus tusk, lava flow, A man's profile, bread, new continent discovered",a dinosaur sticking its head out from behind a wall,open mouthed fish,?,flying boat (ghost dutch ship),a sinking ship (like the Titanic),bat wings,Turtle head,rino,sparrow
IMG_20250724_183316.jpg,47.23279722,6.025566667,"<a href=""https://github.com/Mapping-Aficionados/GroupPresentation/blob/main/Reduced_1/IMG_20250724_183316.jpg"">Click here to see the image</a>","<img src=""https://github.com/Mapping-Aficionados/GroupPresentation/blob/main/Reduced_3/IMG_20250724_183316.jpg?raw=true"">",Low,,,,"florida, elephant, pointing finger, fake map, half a ninja's face, mosaic flower, Cucumber, seagull, bay",the turret of a tank,boat,old bald man profile,Titanic (view of a swimmer),walrus tusk,lava flow,A man's profile,bread,new continent discovered
IMG_20250724_183323.jpg,47.23279722,6.025566667,"<a href=""https://github.com/Mapping-Aficionados/GroupPresentation/blob/main/Reduced_1/IMG_20250724_183323.jpg"">Click here to see the image</a>","<img src=""https://github.com/Mapping-Aficionados/GroupPresentation/blob/main/Reduced_3/IMG_20250724_183323.jpg?raw=true"">",Low,,,,"a lava stream about to break through the rock and cause a volcanic eruption, XXX repeat, hand holding a vase, le petit prince, midnight veil, Tongue, creature with big mouth",florida,elephant,pointing finger,fake map,half a ninja's face,mosaic flower,Cucumber,seagull,bay on a map
IMG_20250724_183332.jpg,47.23279722,6.025566667,"<a href=""https://github.com/Mapping-Aficionados/GroupPresentation/blob/main/Reduced_1/IMG_20250724_183332.jpg"">Click here to see the image</a>","<img src=""https://github.com/Mapping-Aficionados/GroupPresentation/blob/main/Reduced_3/IMG_20250724_183332.jpg?raw=true"">",Low,,,,"A griffin (or perhaps sphynx), dice with number 5, head with huge sunhat, ballet dancer, top half of a butterfly, spiral stairs, Boy in a cloak, le petit prince, profile of a woman",a lava stream about to break through the rock and cause a volcanic eruption,XXX repeat,hand holding a vase,finger,le petit prince,midnight veil,Tongue,pointing finger,creature with big mouth
IMG_20250724_183408.jpg,47.23279722,6.025566667,"<a href=""https://github.com/Mapping-Aficionados/GroupPresentation/blob/main/Reduced_1/IMG_20250724_183408.jpg"">Click here to see the image</a>","<img src=""https://github.com/Mapping-Aficionados/GroupPresentation/blob/main/Reduced_3/IMG_20250724_183408.jpg?raw=true"">",Low,,,,"martini glass, ?, tornardo, sea lion, cactus spine, Top part of a hourglass, podium, merging",A griffin (or perhaps sphynx),dice with number 5,head with huge sunhat,ballet dancer,top half of a butterfly,spiral stairs,Boy in a cloak,le petit prince,profile of a woman
IMG_20250724_183413.jpg,47.23279722,6.025566667,"<a href=""https://github.com/Mapping-Aficionados/GroupPresentation/blob/main/Reduced_1/IMG_20250724_183413.jpg"">Click here to see the image</a>","<img src=""https://github.com/Mapping-Aficionados/GroupPresentation/blob/main/Reduced_3/IMG_20250724_183413.jpg?raw=true"">",Low,,,,"A slug crawling to the left,",,martini glass,?,tornardo,sea lion,cactus spine,Top part of a hourglass,podium,merging
IMG_20250724_183425.jpg,47.23279722,6.025566667,"<a href=""https://github.com/Mapping-Aficionados/GroupPresentation/blob/main/Reduced_1/IMG_20250724_183425.jpg"">Click here to see the image</a>","<img src=""https://github.com/Mapping-Aficionados/GroupPresentation/blob/main/Reduced_3/IMG_20250724_183425.jpg?raw=true"">",Medium,Objects and Symbols,"#1 Category (2 out of 9 22.2%), #2 Category (2 out o f 9 22.2%), #3 category(1 out of 9 11.1%)",#1f77b4,"A telephone pole and wires, letter T, dripping, insect (manity?), black cat, vulture’s beak, Bladder, curly bracket, mosquito",A slug crawling to the left,snail,floating ghost,snail,a capital T,blue lagoon,Slug,boomerang,snail
IMG_20250724_183434.jpg,47.23279722,6.025566667,"<a href=""https://github.com/Mapping-Aficionados/GroupPresentation/blob/main/Reduced_1/IMG_20250724_183434.jpg"">Click here to see the image</a>","<img src=""https://github.com/Mapping-Aficionados/GroupPresentation/blob/main/Reduced_3/IMG_20250724_183434.jpg?raw=true"">",Low,,,,"Cat stencil, shark fin, tangled roots, black cat",A telephone pole and wires,letter T,dripping,insect (manity?),black cat,vulture’s beak,Bladder,curly bracket,mosquito
PXL_20250723_160247679.jpg,47.23719167,6.022055556,"<a href=""https://github.com/Mapping-Aficionados/GroupPresentation/blob/main/Reduced_1/PXL_20250723_160247679.jpg"">Click here to see the image</a>","<img src=""https://github.com/Mapping-Aficionados/GroupPresentation/blob/main/Reduced_3/PXL_20250723_160247679.jpg?raw=true"">",High,Cats and Dogs,"#1 Category (7 out of 9 77.8%), #2 Category (1 out o f 9 11.1%), #3 category(1 out of 9 11.1%)",#8c564b,"Five x's, tiger’s nose, hat, guitar stick, fan",A cat,cat,cat stencil,cat,shark fin,tangled roots,Black cat,cat,cat
PXL_20250723_164414094.jpg,47.23967778,6.023063889,"<a href=""https://github.com/Mapping-Aficionados/GroupPresentation/blob/main/Reduced_1/PXL_20250723_164414094.jpg"">Click here to see the image</a>","<img src=""https://github.com/Mapping-Aficionados/GroupPresentation/blob/main/Reduced_3/PXL_20250723_164414094.jpg?raw=true"">",Medium,Objects and Symbols,"#1 Category (2 out of 9 22.2%), #2 Category (2 out o f 9 22.2%), #3 category(1 out of 9 11.1%)",#1f77b4,"walking sticks, | | |, seaweed, python pattern, bear paw, Branch, amoebas",a sailboat,shark fin,shark fin,sailing boat,five x's,tiger’s nose,Hat,guitar stick,fan
PXL_20250723_184419430.jpg,47.23546389,6.026386111,"<a href=""https://github.com/Mapping-Aficionados/GroupPresentation/blob/main/Reduced_1/PXL_20250723_184419430.jpg"">Click here to see the image</a>","<img src=""https://github.com/Mapping-Aficionados/GroupPresentation/blob/main/Reduced_3/PXL_20250723_184419430.jpg?raw=true"">",Low,,,,"leopard skin, animal skin, leopard print, mosaic, a smiling person with a big nose in profile, shell swirl, Unhappy man, Face with diagonal mouth, tpattern on the tiles",the monster energy dring logo,walking sticks, | | |,seaweed,python pattern,bear paw,Branch,monster logo,amoebas
PXL_20250723_184936549.jpg,47.23647222,6.025744444,"<a href=""https://github.com/Mapping-Aficionados/GroupPresentation/blob/main/Reduced_1/PXL_20250723_184936549.jpg"">Click here to see the image</a>","<img src=""https://github.com/Mapping-Aficionados/GroupPresentation/blob/main/Reduced_3/PXL_20250723_184936549.jpg?raw=true"">",Low,,,,"a sea aenenomie, dog profile, peninsula, fallen hourse, several dots forming the number 7, moss garden, Dog, snail, moldy ceiling",leopard skin,animal skin,leopard print,mosaic,a smiling person with a big nose in profile,shell swirl,Unhappy man,Face with diagonal mouth,pattern on the tiles
PXL_20250723_185334365.jpg,47.23762222,6.024358333,"<a href=""https://github.com/Mapping-Aficionados/GroupPresentation/blob/main/Reduced_1/PXL_20250723_185334365.jpg"">Click here to see the image</a>","<img src=""https://github.com/Mapping-Aficionados/GroupPresentation/blob/main/Reduced_3/PXL_20250723_185334365.jpg?raw=true"">",Low,,,,"lucky number 7, polka dots, the number 7, barb wall, light yellow and blue chocolate bar squares, polished gem, Animal footprint, Thought Balloon, collection of shapes",a sea aenenomie,dog profile,peninsula,fallen hourse,several dots forming the number 7,moss garden,Dog,snail,moldy ceiling
PXL_20250723_185551690.jpg,47.23828611,6.023463889,"<a href=""https://github.com/Mapping-Aficionados/GroupPresentation/blob/main/Reduced_1/PXL_20250723_185551690.jpg"">Click here to see the image</a>","<img src=""https://github.com/Mapping-Aficionados/GroupPresentation/blob/main/Reduced_3/PXL_20250723_185551690.jpg?raw=true"">",Low,,,,"the flood level, lego bricks, wall, jellyfish or moving cells under a microscope, moon crater, Keyboard, layers",lucky number 7,polka dots,the number 7,barb wall,light yellow and blue chocolate bar squares,polished gem,Animal footprint,Thought Balloon,collection of shapes
PXL_20250723_185822024.jpg,47.23886667,6.022363889,"<a href=""https://github.com/Mapping-Aficionados/GroupPresentation/blob/main/Reduced_1/PXL_20250723_185822024.jpg"">Click here to see the image</a>","<img src=""https://github.com/Mapping-Aficionados/GroupPresentation/blob/main/Reduced_3/PXL_20250723_185822024.jpg?raw=true"">",Low,,,,"foamy head of beer, bacteria, chemical reaction, a person's profile, shark fin, Bacteria petri dish, stains from mold",the flood level,chocolate bar,lego bricks,wall,jellyfish or moving cells under a microscope,moon crater,Keyboard,chocolate bar,layers
PXL_20250723_190137215.jpg,47.23960278,6.021022222,"<a href=""https://github.com/Mapping-Aficionados/GroupPresentation/blob/main/Reduced_1/PXL_20250723_190137215.jpg"">Click here to see the image</a>","<img src=""https://github.com/Mapping-Aficionados/GroupPresentation/blob/main/Reduced_3/PXL_20250723_190137215.jpg?raw=true"">",Low,,,,"a face, pointed-nose face profile, Spain, profile of a crowned figure, big bear paw, frozen lake, Sharp nose man, doctor octopus, coast",foamy head of beer,microscope,bacteria,chemical reaction,a person's profile,shark fin,Bacteria petri dish,microscope view,stains from mold
PXL_20250723_190515555.jpg,47.23962222,6.018933333,"<a href=""https://github.com/Mapping-Aficionados/GroupPresentation/blob/main/Reduced_1/PXL_20250723_190515555.jpg"">Click here to see the image</a>","<img src=""https://github.com/Mapping-Aficionados/GroupPresentation/blob/main/Reduced_3/PXL_20250723_190515555.jpg?raw=true"">",Low,,,,"tree roots, river delta, lightning & cloud, bear (?) claws, a shark fin with a cross-shaped notch, maze pattern, Plant root, thunderstorm, cracks",a face,pointed-nose face profile,Spain,profile of a crowned figure,big bear paw,frozen lake,Sharp nose man,doctor octopus,coast
PXL_20250723_190544428.jpg,47.23962222,6.018933333,"<a href=""https://github.com/Mapping-Aficionados/GroupPresentation/blob/main/Reduced_1/PXL_20250723_190544428.jpg"">Click here to see the image</a>","<img src=""https://github.com/Mapping-Aficionados/GroupPresentation/blob/main/Reduced_3/PXL_20250723_190544428.jpg?raw=true"">",Low,,,,"modern architecture, Hill from Lion King, an octopus tentacle,",tree roots,river delta,lightning & cloud,bear (?) claws,a shark fin with a cross-shaped notch,maze pattern,Plant root,thunderstorm,cracks
PXL_20250725_090428744.jpg,47.23606944,6.027541667,"<a href=""https://github.com/Mapping-Aficionados/GroupPresentation/blob/main/Reduced_1/PXL_20250725_090428744.jpg"">Click here to see the image</a>","<img src=""https://github.com/Mapping-Aficionados/GroupPresentation/blob/main/Reduced_3/PXL_20250725_090428744.jpg?raw=true"">",Low,,,,"Faucet, silk thread,  sickle, pattern rule",a tornado,tornado,modern architecture,Hill from Lion King,an octopus tentacle,volcano,Broken ship,cruella de vil leg,delta of a river
PXL_20250729_063309548.jpg,47.24068889,6.024727778,"<a href=""https://github.com/Mapping-Aficionados/GroupPresentation/blob/main/Reduced_1/PXL_20250729_063309548.jpg"">Click here to see the image</a>","<img src=""https://github.com/Mapping-Aficionados/GroupPresentation/blob/main/Reduced_3/PXL_20250729_063309548.jpg?raw=true"">",High,Cats and Dogs,"#1 Category (7 out of 9 77.8%), #2 Category (1 out o f 9 11.1%), #3 category(1 out of 9 11.1%)",,,a wave,wave,faucet,?,?,silk thread,Sickle,pattern rule,a wave